-999,UNKNOWN TRIBE,A
A001,AK-CHIN COMMUNITY COUNCIL (MARICOPA RESERVATION),A
A002,AUBURN,A
A003,BAD RIVER BAND OF LAKE SUPERIOR CHIPPEWA,A
A004,BEAR RIVER,A
A005,BECLABITO RESERVATION (SHIPROCK AGENCY),A
A006,BENTON/UTUUTU GWAITU,A
A007,BISHOP PAIUTE TRIBE,A
A008,BLUE GAP RESERVATION (CHINLE AGENCY),A
A009,WIYOT,A
A010,CA VALLEY MIWOK (SHEEP RANCH),A
A012,CAMP VERDE (TRUXTON CANNON AGENCY),A
A013,CAMPO BAND OF KAMEYAAY INDIANS,A
A014,CHICO RANCHERIA,A
A015,CHINLE RESERVATION (CHINLE AGENCY),A
A016,CHIPPEWA CREE TRIBE,A
A017,CHIPPEWA-OTTAWA RESOURCE AUTHORITY,A
A019,CONFEDERATED SALISH & KOOTENAI TRIBES,A
A020,CONFEDERATED TRIBES OF CHEHALIS,A
A021,CONFEDERATED TRIBES OF COLVILLE,A
A022,CONFEDERATED TRIBES OF GRAND RONDE,A
A023,CONFEDERATED TRIBES OF UMATILLA,A
A024,CONFEDERATED TRIBES OF WARM SPRINGS,A
A025,CORNFIELDS RESERVATION (FORT DEFIANCE AGENCY),A
A026,COYOTE CANYON RESERVATION (FORT DEFIANCE AGENCY),A
A028,CRYSTAL RESERVATION (FORT DEFIANCE AGENCY),A
A030,EASTERN SHOSHONE TRIBE,A
A033,FOREST LAKE RESERVATION (CHINLE AGENCY),A
A035,FORT DEFIANCE RESERVATION (FORT DEFIANCE AGENCY),A
A036,GANADO RESERVATION (FORT DEFIANCE AGENCY),A
A038,GRATON,A
A039,GREASEWOOD RESERVATION (FORT DEFIANCE AGENCY),A
A040,GROS VENTRE & ASSINIBOINE TRIBES,A
A041,HOUCK RESERVATION (FORT DEFIANCE AGENCY),A
A043,INTER-TRIBAL COUNCIL OF MICHIGAN,A
A044,ITCA,A
A045,ITCC,A
A046,ITCN,A
A047,JEDDITO RESERVATION (FORT DEFIANCE AGENCY),A
A049,KEWEENAW BAY INDIAN COMMUNITY,A
A050,KINLICHEE RESERVATION (FORT DEFIANCE AGENCY),A
A051,KLAGETOH RESERVATION (FORT DEFIANCE AGENCY),A
A053,LAS VEGAS PAIUTE TRIBE,A
A055,LOW MOUNTAIN RESERVATION (FORT DEFIANCE AGENCY),A
A056,LOWER LAKE,A
A057,LUKACHUKAI RESERVATION (CHINLINE AGENCY),A
A058,LUPTON RESERVATION (FORT DEFIANCE AGENCY),A
A059,MANY FARMS RESERVATION (CHINLINE AGENCY),A
A060,MEXICAN SPRINGS RESERVATION (FORT DEFIANCE AGENCY),A
A061,MEXICAN WATERS RESERVATION (SHIPROCK AGENCY),A
A062,NAEPC,A
A063,NAZLINI RESERVATION (CHINLINE AGENCY),A
A064,NORTHERN ARAPAHO TRIBE,A
A065,NOTTAWASEPPI HURON POTAWATOMI,A
A066,OAK SPRINGS RESERVATION (FORT DEFIANCE AGENCY),A
A067,OVIWC,A
A068,PINON RESERVATION (CHINLE AGENCY),A
A069,PIT RIVER,A
A070,QUECHAN TRIBE,A
A072,RED LAKE RESERVATION (FORT DEFIANCE AGENCY),A
A073,RED MESA RESERVATION (SHIPROCK AGENCY),A
A074,RED ROCK RESERVATION (SHIPROCK AGENCY),A
A075,ROUGH ROCK RESERVATION (CHINLE AGENCY),A
A076,ROUND ROCK RESERVATION (CHINLINE AGENCY),A
A077,SAGINAW CHIPPEWA INDIAN TRIBE,A
A079,SANOTSEE RESERVATION (SHIPROCK AGENCY),A
A080,SAWMILL RESERVATION (FORT DEFIANCE AGENCY),A
A081,SENECA NATION,A
A083,SHOSHONE-PAIUTE TRIBES,A
A084,SOKAOGON CHIPPEWA COMMUNITY,A
A085,ST. MICHAELS RESERVATION (FORT DEFIANCE AGENCY),A
A086,STEAMBOAT RESERVATION (FORT DEFIANCE AGENCY),A
A087,SUQUAMISH INDIAN TRIBE,A
A088,TEECNOSPOS RESERVATION (SHIPROCK AGENCY),A
A089,TEESTO RESERVATION (FORT DEFIANCE AGENCY),A
A090,TSALIE-WHEATFIELDS RESERVATION (CHINLE AGENCY),A
A091,TSELANI RESERVATION (CHINLINE AGENCY),A
A093,TWIN LAKES RESERVATION (FORT DEFIANCE AGENCY),A
A094,WHITE CONE RESERVATION (FORT DEFIANCE AGENCY),A
A096,WIDE RUINS RESERVATION (FORT DEFIANCE AGENCY),A
A097,YAVAPAI-PRESCOTT RESERVATION (YAVAPAI-PRESCOTT BOARD OF DIRECTORS),A
R101,COLVILLE RESERVATION,A
R102,SPOKANE RESERVATION,A
R103,KALISPEL RESERVATION,A
R105,CHEHALIS RESERVATION,A
R106,HOH RESERVATION,A
R107,LUMMI RESERVATION,A
R108,MAKAH RESERVATION,A
R109,MUCKLESHOOT RESERVATION,A
R110,NISQUALLY RESERVATION,A
R111,NOOKSACK RESERVATION,A
R113,PORT GAMBLE RESERVATION,A
R115,PUYALLUP RESERVATION,A
R116,QUILEUTE RESERVATION,A
R117,QUINAULT RESERVATION,A
R118,SHOALWATER RESERVATION,A
R120,SKOKOMISH RESERVATION,A
R121,SQUAXIN ISLAND RESERVATION,A
R122,SWINOMISH RESERVATION,A
R123,TULALIP RESERVATION,A
R124,YAKAMA RESERVATION,A
R125,LOWER ELWHA RESERVATION,A
R126,SAUK-SUIATTLE RESERVATION,A
R129,JAMESTOWN RESERVATION,A
R131,UPPER SKAGIT RESERVATION,A
R133,"SAMISH INDIAN TRIBE, WASHINGTON",A
R134,PORT MADISON RESERVATION,A
R138,SNOQUALMIE TRIBE,A
R139,STILLAGUAMISH RESERVATION,A
R140,KLAMATH RESERVATION,A
R141,GRAND RONDE RESERVATION,A
R142,SILETZ RESERVATION,A
R143,UMATILLA RESERVATION,A
R144,BURNS PAIUTE RESERVATION,A
R145,WARM SPRINGS RESERVATION,A
R147,THE DALLES UNIT,A
R148,CELILO VILLAGE,A
R152,"COOS, LOWER UMPQUA, AND SIUSLAW RESERVATION",A
R153,COW CREEK RESERVATION,A
R154,YAKAMA TRUST LAND,A
R155,COQUILLE TRIBE OF OREGON,A
R180,FORT HALL RESERVATION,A
R181,COEUR D'ALENE RESERVATION,A
R182,NEZ PERCE RESERVATION,A
R183,KOOTENAI RESERVATION,A
R195,NORTHWESTERN SHOSHONI RESERVATION,A
R199,ANNETTE ISLAND RESERVE,A
R201,BLACKFEET RESERVATION,A
R202,CROW RESERVATION,A
R203,FLATHEAD RESERVATION,A
R204,FORT BELKNAP RESERVATION,A
R205,ROCKY BOY'S RESERVATION,A
R206,FORT PECK RESERVATION,A
R207,NORTHERN CHEYENNE RESERVATION,A
R208,CROW CEDED LANDS,A
R224,PUBLIC DOMAIN ALLOTMENTS IN MONTANA,A
R226,PUBLIC DOMAIN ALLOTMENTS IN MONTANA,A
R227,PUBLIC DOMAIN ALLOTMENTS IN MONTANA,A
R256,PUBLIC DOMAIN ALLOTMENTS IN NORTH DAKOTA,A
R280,WIND RIVER RESERVATION,A
R281,WIND RIVER RESERVATION (ARAPAHOE),A
R282,WIND RIVER RESERVATION (SHOSHONE),A
R301,FORT BERTHOLD RESERVATION,A
R302,STANDING ROCK RESERVATION,A
R303,SPIRIT LAKE SIOUX RESERVATION,A
R304,TURTLE MOUNTAIN PUBLIC DOMAIN TRACTS (MONTANA),A
R324,TURTLE MOUNTAIN BAND OF CHIPPEWAS,A
R340,CHEYENNE RIVER RESERVATION,A
R341,FLANDREAU RESERVATION,A
R342,CROW CREEK RESERVATION,A
R343,LOWER BRULE RESERVATION,A
R344,PINE RIDGE RESERVATION,A
R345,ROSEBUD RESERVATION,A
R346,YANKTON RESERVATION,A
R347,LAKE TRAVERSE (SISSETON) RESERVATION,A
R360,CHEYENNE RIVER PDA,A
R380,OMAHA RESERVATION,A
R381,PONCA TRIBE OF NEBRASKA,A
R382,SANTEE RESERVATION,A
R383,WINNEBAGO RESERVATION,A
R402,LOWER SIOUX RESERVATION,A
R403,PRAIRIE ISLAND COMMUNITY,A
R404,BOIS FORTE (NETT LAKE) RESERVATION,A
R405,FOND DU LAC RESERVATION,A
R406,GRAND PORTAGE RESERVATION,A
R407,LEECH LAKE RESERVATION,A
R408,WHITE EARTH RESERVATION,A
R409,RED LAKE BAND OF CHIPPEWA,A
R410,MILLE LACS RESERVATION,A
R411,SHAKOPEE COMMUNITY,A
R417,BOIS FORTE (VERMILLION LAKE) RESERVATION,A
R418,BOIS FORTE (DEER CREEK) RESERVATION,A
R420,MINNESOTA (CHIPPEWA) HOMESTEAD TRUST LANDS,A
R430,BAD RIVER RESERVATION,A
R431,LAC COURTE OREILLES RESERVATION,A
R432,LAC DU FLAMBEAU RESERVATION,A
R433,ONEIDA RESERVATION,A
R434,FOREST COUNTY POTAWATOMI,A
R435,RED CLIFF RESERVATION,A
R436,ST. CROIX RESERVATION,A
R437,MOLE LAKE RESERVATION,A
R438,STOCKBRIDGE-MUNSEE RESERVATION,A
R440,MENOMINEE RESERVATION,A
R441,HO-CHUNK TRUST LAND,A
R468,GRAND TRAVERSE RESERVATION,A
R469,SAULT STE. MARIE RESERVATION,A
R470,BAY MILLS RESERVATION,A
R471,HANNAHVILLE COMMUNITY,A
R472,ISABELLA RESERVATION,A
R475,L'ANSE RESERVATION,A
R476,L'ANSE (ONTONAGON) RESERVATION,A
R478,HURON POTAWATOMI RESERVATION,A
R479,LAC VIEUX DESERT RESERVATION,A
R482,LITTLE RIVER BAND OF OTTAWA INDIANS OF MICHIGAN,A
R483,LITTLE TRAVERSE BAY BANDS RESERVATION,A
R484,MATCH-E-BE-NASH-SHE-WISH BAND OF POTTAWATOMI INDIANS OF MICH,A
R490,SAC AND FOX (IOWA) RESERVATION,A
R502,ALTURAS RANCHERIA,A
R503,SCOTTS VALLEY RANCHERIA,A
R504,BERRY CREEK RANCHERIA,A
R505,GUIDIVILLE RANCHERIA,A
R506,BIG SANDY RANCHERIA,A
R507,BIG VALLEY RANCHERIA,A
R508,BUENA VISTA RANCHERIA OF ME-WUK INDIANS OF CALIFORNIA,A
R509,LYTTON RANCHERIA OF CALIFORNIA,A
R511,COLD SPRINGS RANCHERIA,A
R512,COLUSA RANCHERIA,A
R513,CORTINA INDIAN RANCHERIA,A
R514,CLOVERDALE RANCHERIA OF POMO INDIANS OF CALIFORNIA,A
R515,DRY CREEK RANCHERIA,A
R516,ROBINSON RANCHERIA,A
R517,ENTERPRISE RANCHERIA,A
R518,FORT BIDWELL RESERVATION,A
R519,GRINDSTONE INDIAN RANCHERIA,A
R520,BENTON PAIUTE RANCHERIA,A
R521,HOPLAND RANCHERIA,A
R522,JACKSON RANCHERIA,A
R523,CHICKEN RANCH RANCHERIA,A
R524,LAYTONVILLE RANCHERIA,A
R525,FORT INDEPENDENCE RESERVATION,A
R527,MANCHESTER - POINT ARENA RANCHERIA,A
R528,MIDDLETOWN RANCHERIA,A
R529,IONE BAND OF MIWOK INDIANS OF CALIFORNIA,A
R530,BIG PINE RESERVATION,A
R531,"MECHOOPDA INDIAN TRIBE OF CHICO RANCHERIA, CALIFORNIA",A
R532,NORTHFORK RANCHERIA,A
R533,PASKENTA BAND OF NOMLAKI INDIANS OF CALIFORNIA,A
R534,PICAYUNE RANCHERIA,A
R535,PINOLEVILLE RANCHERIA,A
R537,POTTER VALLEY RANCHERIA,A
R538,REDDING RANCHERIA,A
R539,REDWOOD VALLEY RANCHERIA,A
R540,ROUND VALLEY RESERVATION,A
R541,RUMSEY RANCHERIA,A
R542,SANTA ROSA RANCHERIA,A
R545,GREENVILLE RANCHERIA,A
R546,SHINGLE SPRINGS RANCHERIA,A
R547,STEWARTS POINT RANCHERIA,A
R549,BISHOP COLONY,A
R550,SUSANVILLE RANCHERIA,A
R551,TABLE MOUNTAIN RANCHERIA,A
R553,TULE RIVER RESERVATION,A
R554,BIG LAGOON RANCHERIA,A
R555,KARUK TRIBE,A
R556,RESIGHINI RANCHERIA,A
R558,BLUE LAKE RANCHERIA,A
R559,ELK VALLEY RANCHERIA,A
R560,ROHNERVILLE RANCHERIA,A
R561,HOOPA RESERVATION,A
R562,YUROK RESERVATION,A
R563,QUARTZ VALLEY RANCHERIA,A
R564,SMITH RIVER RANCHERIA,A
R565,TABLE BLUFF RANCHERIA,A
R566,TRINIDAD RESERVATION,A
R567,AUGUSTINE RESERVATION,A
R568,CABAZON RESERVATION,A
R569,CAHUILLA RESERVATION,A
R570,CAMPO RESERVATION,A
R571,CAPITAN GRANDE RESERVATION,A
R572,BARONA RESERVATION,A
R573,CUYAPAIPE RESERVATION,A
R574,INAJA AND COSMIT RESERVATION,A
R575,JAMUL INDIAN VILLAGE,A
R576,LA JOLLA RESERVATION,A
R577,LA POSTA RESERVATION,A
R578,LOS COYOTES RESERVATION,A
R579,MANZANITA RESERVATION,A
R580,MESA GRANDE RESERVATION,A
R582,MORONGO RESERVATON,A
R583,PALA RESERVATION,A
R584,AGUA CALIENTE RESERVATION,A
R585,PAUMA AND YUIMA RESERVATION,A
R586,PECHANGA RESERVATION,A
R587,RINCON RESERVATION,A
R588,SAN MANUAL RESERVATION,A
R589,SAN PASQUAL RESERVATION,A
R590,SANTA ROSA RESERVATION,A
R591,SANTA YNEZ RESERVATION,A
R592,SANTA YSABEL RESERVATION,A
R593,SOBOBA RESERVATION,A
R594,SYCUAN RESERVATION,A
R595,TORRES-MARTINEZ RESERVATION,A
R597,RAMONA RESERVATION,A
R598,TWENTY-NINE PALMS RESERVATION,A
R599,VIEJAS RESERVATION,A
R601,CAMP VERDE RESERVATION,A
R602,COCOPAH RESERVATION,A
R603,COLORADO RIVER RESERVATION,A
R604,FORT MOJAVE RESERVATION,A
R605,HAVASUPAI RESERVATION,A
R606,HUALAPAI RESERVATION,A
R607,FORT APACHE RESERVATION,A
R608,HOPI RESERVATION,A
R609,GILA BEND RESERVATION,A
R610,TOHONO O'ODHAM RESERVATION,A
R611,SAN XAVIER RESERVATION,A
R612,MARICOPA (AK-CHIN) RESERVATION,A
R613,FORT MCDOWELL RESERVATION,A
R614,GILA RIVER RESERVATION,A
R615,SALT RIVER RESERVATION,A
R616,SAN CARLOS RESERVATION,A
R617,KAIBOB RESERVATION (KAIBOB PAIUTE TRIBAL COUNCIL),A
R618,YAVAPAI RESERVATION,A
R621,CEDARVILLE RANCHERIA,A
R624,LONE PINE RESERVATION,A
R626,MOORETOWN RANCHERIA,A
R628,SHEEP RANCH RANCHERIA,A
R629,SHERWOOD VALLEY RANCHERIA,A
R632,SULPHUR BANK RANCHERIA,A
R634,TUOLUMNE RANCHERIA,A
R636,UPPER LAKE RANCHERIA,A
R637,UNITED AUBURN INDIAN COMMUNITY OF THE AUBURN RANCHERIA OF CA,A
R638,COYOTE VALLEY RANCHERIA,A
R641,DUCK VALLEY RESERVATION,A
R642,DUCKWATER RESERVATION,A
R644,ELY COLONY,A
R645,FALLON COLONY,A
R646,FORT MCDERMITT RESERVATION,A
R648,LAS VEGAS COLONY,A
R649,LOVELOCK INDIAN COLONY,A
R650,MOAPA RIVER RESERVATION,A
R651,PYRAMID LAKE RESERVATION,A
R653,RENO-SPARKS COLONY,A
R655,SUMMIT LAKE RESERVATION,A
R656,WALKER RIVER RESERVATION,A
R657,WINNEMUCCA COLONY,A
R660,YERINGTION RESERVATION,A
R661,YOMBA RESERVATION,A
R665,PASCUA YAQUI RESERVATION,A
R672,WASHOE TRIBE OF NEVADA AND CALIFORNIA - ALLOTMENTS,A
R674,TONTO APACHE RESERVATION,A
R681,GOSHUTE RESERVATION,A
R682,SKULL VALLEY RESERVATION,A
R687,UINTAH AND OURAY RESERVATION,A
R688,SHIVWITZ RESERVATION,A
R689,SAN JUAN SOUTHERN PAIUTE TRIBE OF ARIZONA,A
R691,BRIDGEPORT COLONY,A
R693,DEATH VALLEY TIMBI-SHA SHOSHONE BAND OF CALIFORNIA,A
R695,CHEMEHUEVI RESERVATION,A
R696,FORT YUMA (QUECHAN) RESERVATION,A
R701,JICARILLA APACHE RESERVATION,A
R702,MESCALERO APACHE RESERVATION,A
R703,ACOMA PUEBLO,A
R704,COCHITI PUEBLO,A
R705,ISLETA PUEBLO,A
R706,JEMEZ PUEBLO,A
R707,LAGUNA PUEBLO,A
R708,NAMBE PUEBLO,A
R709,PICURIS PUEBLO,A
R710,POJOAQUE PUEBLO,A
R711,SANDIA PUEBLO,A
R712,SAN FELIPE PUEBLO,A
R713,SAN ILDEFONSO PUEBLO,A
R714,SAN JUAN PUEBLO,A
R715,SANTA ANA PUEBLO,A
R716,SANTA CLARA PUEBLO,A
R717,SANTO DOMINGO PUEBLO,A
R718,TAOS PUEBLO,A
R719,TESUQUE PUEBLO,A
R720,ZIA PUEBLO,A
R721,ZUNI RESERVATION,A
R722,RAMAH (NAVAJO) COMMUNITY,A
R723,ALAMO NAVAJO RESERVATION,A
R724,CANONCITO (NAVAJO) COMMUNITY,A
R725,YSLETA DEL SUR PUEBLO,A
R750,SOUTHERN UTE RESERVATION,A
R751,UTE MOUNTAIN RESERVATION,A
R790,NAVAJO RESERVATION,A
R791,NAVAJO RESERVATION,A
R792,NAVAJO RESERVATION,A
R801,CHEYENNE-ARAPAHOE TRUST LAND,A
R802,"KIOWA, COMANCHE, APACHE TRUST LAND",A
R803,FORT SILL APACHE TRUST LAND,A
R804,"KIOWA, COMANCHE, APACHE TRUST LAND",A
R810,KAW NATION TRUST LAND,A
R811,OTOE-MISSOURIA TRIBE TRUST LAND,A
R812,PAWNEE INDIAN TRIBE TRUST LAND,A
R813,PONCA TRIBE TRUST LAND,A
R814,TONKAWA TRIBE TRUST LAND,A
R820,ABSENTEE-SHAWNEE TRIBE TRUST LAND,A
R821,CITIZEN POTAWATOMI TRUST LAND,A
R822,IOWA TRIBE TRUST LAND,A
R823,KICKAPOO TRIBE TRUST LAND,A
R824,SAC AND FOX NATION TRUST LAND,A
R826,KICKAPOO TRADITIONAL TRIBE (TEXAS),A
R830,ALABAMA AND COUSHATTA RESERVATION,A
R860,IOWA RESERVATION,A
R861,KICKAPOO RESERVATION (KANSAS),A
R862,POTAWATOMI (KANSAS) RESERVATION,A
R863,SAC AND FOX (KS-NE) RESERVATION,A
R864,SHAWNEE,A
R920,QUAPAW TRIBE TRUST LAND,A
R921,EASTERN SHAWNEE TRIBE TRUST LAND,A
R922,OTTAWA TRIBE TRUST LAND,A
R923,SENECA-CAYUGA TRIBE TRUST LAND,A
R924,WYANDOTTE TRIBE OF OKLAHOMA,A
R925,MIAMI TRIBE OF OKLAHOMA,A
R926,PEORIA TRIBE TRUST LAND,A
R927,MODOC TRIBE OF OKLAHOMA,A
R975,COOK INLET,A
R976,AHTNA,A
R977,KONIAG,A
R978,BERING STRAITS,A
R979,BRISTOL BAY,A
R980,CHUGACH,A
R981,NANA,A
R982,SEALASKA,A
R984,ALEUT,A
R985,ARCTIC SLOPE,A
R986,CALISTA,A
R989,DOYON,A
R999,COWLITZ INDIAN TRIBE OF SOUTHWEST WASHINGTON,A
RA36,BIG BEND RANCHERIA,A
RA92,CEDAR CITY RESERVATION,A
RB36,BURNEY TRACT,A
RB92,INDIAN PEAKS RSERVATION,A
RC36,LIKELY RANCHERIA,A
RC92,KANOSH RESERVATION,A
RD36,LOOKOUT RANCHERIA,A
RD92,KOOSHAREM RESERVATION,A
RE36,MONTGOMERY CREEK RANCHERIA,A
RF36,ROARING CREEK RANCHERIA,A
RG36,XL RANCH,A
RU40,BATTLE MOUNTAIN BAND,A
RV40,ELKO INDIAN COLONY,A
RV72,CARSON COLONY,A
RW40,ODGERS RANCH,A
RW72,DRESSLERVILLE COLONY,A
RX40,RUBY VALLEY COLONY,A
RX72,STEWART COMMUNITY,A
RY40,SOUTH FORK BAND,A
RY72,WOODFORDS COMMUNITY,A
RZ40,WELLS COLONY,A
RZ72,WASHOE RANCHES,A
T001,CHEROKEE RESERVATION,A
T006,ONONDAGA RESERVATION,A
T007,ST. REGIS MOHAWK RESERVATION,A
T008,TONAWANDA RESERVATION,A
T009,TUSCARORA RESERVATION,A
T011,ONEIDA RESERVATION (NEW YORK),A
T013,CAYUGA NATION OF NEW YORK,A
T014,PASSAMAQUODDY TRIBE (INDIAN TOWNSHIP),A
T015,PASSAMAQUODDY TRIBE (PLEASANT POINT),A
T016,PASSAMAQUODDY HOMESTEAD TRUST LANDS,A
T018,PENOBSCOT RESERVATION,A
T019,HOULTON BAND OF MALISEET,A
T020,MASHANTUCKET PEQUOT RESERVATION,A
T026,MICCOSUKEE RESERVATION,A
T027,NARRAGANSETT RESERVATION,A
T028,POARCH CREEK RESERVATION,A
T030,WAMPANOAG TRIBE OF GAY HEAD (AQUINNAH) OF MASSACHUSETTS,A
T031,AROOSTOCK BAND,A
T032,CATAWBA RESERVATION,A
T033,MOHEGAN INDIAN TRIBE OF CONNECTICUT,A
T034,"JENA BAND OF CHOCTAW INDIANS, LOUISIANA",A
T336,TUNICA-BILOXI RESERVATION,A
T480,POKAGON BAND OF POTAWATOMI INDIANS OF MICHIGAN,A
T804,WICHITA AND AFFILIATED TRIBES,A
T825,"DELAWARE TRIBE OF INDIANS, OKLAHOMA",A
T901,ALABAMA-QUASSARTE TRIBAL TOWN OF THE CREEK NATION OF OKLAHOM,A
T902,KIALEGEE TRIBAL TOWN OF THE CREEK INDIAN NATION OF OKLAHOMA,A
T903,THLOPTHLOCCO TRIBAL TOWN (CREEK),A
T904,UNITED KEETOOWAH BAND OF CHEROKEE INDIANS OF OKLAHOMA,A
T905,CHEROKEE NATION OF OKLAHOMA,A
T906,"CHICKASAW NATION, OKLAHOMA",A
T907,CHOCTAW NATION OF OKLAHOMA,A
T908,"MUSCOGEE (CREEK) NATION, OKLAHOMA",A
T909,SEMINOLE NATION OF OKLAHOMA,A
T930,OSAGE RESERVATION,A
T970,CHITIMACHA RESERVATION,A
T971,COUSHATTA RESERVATION,A
T980,CHOCTAW RESERVATION,A
TW21,BIG CYPRESS RESERVATION,A
TX04,ALLEGANY RESERVATION,A
TX21,BRIGHTON RESERVATION,A
TY04,CATTARAUGUS RESERVATION,A
TY21,HOLLYWOOD (DANIA) RESERVATION,A
TZ04,OIL SPRINGS RESERVATION,A
TZ21,SEMINOLE HOMESTEAD TRUST LANDS,A
V001,GOLDEN HILL RESERVATION (STATE),A
V002,HASSANAMISCO RESERVATION (STATE),A
V003,MASHPEE WAMPANOAG RESERVATION (STATE),A
V004,MATTAPONI RESERVATION (STATE),A
V005,PAMUNKEY RESERVATION (STATE),A
V006,PAUCATUCK EASTERN PEQUOT RESERVATION (STATE),A
V007,RANKOKUS RESERVATION (STATE),A
V008,SCHAGHTICOKE RESERVATION (STATE),A
V009,SHINNECOCK RESERVATION (STATE),A
V010,TAMA RESERVATION (STATE),A
V011,POOSPATUCK RESERVATION,A
W001,APACHE CHOCTAW TDSA (STATE),A
W002,CHICKAHOMINY TDSA (STATE),A
W003,CLIFTON CHOCTAW TDSA (STATE),A
W004,COHARIE TDSA (STATE),A
W005,DELAWARE-MUNCIE TDSA (STATE),A
W006,EASTERN CHICKAHOMINY TDSA (STATE),A
W007,FLORIDA TRIBE OF EASTERN CREEK TDSA (STATE),A
W008,HALIWA-SAPONI TDSA (STATE),A
W009,LUMBEE TDSA (STATE),A
W010,MEHERRIN TDSA (STATE),A
W011,RAMAPOUGH TDSA (STATE),A
W012,UNITED HOUMA NATION TDSA (STATE),A
W013,WACCAMAUW SIOUAN TDSA (STATE),A
X001,COQUILLE INDIAN TDSA,A
X002,JENA BAND OF CHOCTAW TDSA,A
X003,KLAMATH TDSA,A
X004,MOHEGAN TDSA,A
X005,PONCA TDSA,A
X006,WAMPANOAG-GAY HEAD TDSA,A
Y001,ABSENTEE SHAWNEE-CITIZENS BAND OF POTAWATOMI TJSA,A
Y002,CADDO-WICHITA-DELAWARE TJSA,A
Y003,CHEROKEE TJSA,A
Y004,CHEYENNE-ARAPAHO TJSA,A
Y005,CHICKASAW TJSA,A
Y006,CHOCTAW TJSA,A
Y008,CREEK-SEMINOLE JOINT AREA TJSA,A
Y009,IOWA TJSA,A
Y010,IOWA-SAC AND FOX JOINT AREA TJSA,A
Y011,KAW TJSA,A
Y012,KIOWA-COMANCHE-APACHE-FORT SILL APACHE TJSA,A
Y013,OTOE-MISSOURIA TJSA,A
Y014,PAWNEE TJSA,A
Y015,SAC AND FOX TJSA,A
Y016,SEMINOLE TJSA,A
Z002,AFOGNAK,A
Z004,AKHIOK,A
Z005,AKIACHAK,A
Z006,AKIAK,A
Z007,AKUTAN,A
Z008,ALAKANUK,A
Z010,ALATNA,A
Z011,ALEKNAGIK,A
Z013,ALLAKAKET,A
Z014,AMBLER,A
Z016,ANAKTUVUK PASS,A
Z019,ANDREAFSKI,A
Z020,ANGOON,A
Z021,ANIAK,A
Z022,ANVIK,A
Z025,ARCTIC VILLAGE,A
Z027,ATKA,A
Z028,ATQASUK (ATKASOOK),A
Z029,ATMAUTLUAK,A
Z033,BARROW,A
Z038,BEAVER,A
Z041,BELKOFSKI,A
Z043,BETHEL,A
Z047,BILL MOORE'S SLOUGH,A
Z049,BIRCH CREEK,A
Z056,BREVIG MISSION,A
Z059,BUCKLAND,A
Z065,CANTWELL,A
Z072,CHALKYITSIK,A
Z077,CHEFORNAK,A
Z080,CHEVAK,A
Z081,CHICKALOON,A
Z083,CHIGNIK,A
Z084,CHIGNIK LAGOON,A
Z085,CHIGNIK LAKE,A
Z087,CHISTOCHINA,A
Z088,CHITINA,A
Z092,CHULOONAWICK,A
Z093,CIRCLE,A
Z096,CLARK'S POINT,A
Z102,COPPER CENTER,A
Z107,COUNCIL,A
Z108,CRAIG,A
Z109,CROOKED CREEK,A
Z117,DEERING,A
Z121,CURYUNG,A
Z127,DOT LAKE,A
Z128,DOUGLAS,A
Z130,EAGLE,A
Z132,EEK,A
Z133,EGEGIK,A
Z135,EKLUTNA,A
Z136,EKUK,A
Z137,EKWOK,A
Z139,ELEM,A
Z141,EMMONAK,A
Z142,ENGLISH BAY,A
Z146,EVANSVILLE,A
Z148,EYAK,A
Z149,FALSE PASS,A
Z162,FORT YUKON,A
Z165,GAKONA,A
Z167,GAMBELL,A
Z170,GEORGETOWN,A
Z177,GOLOVIN,A
Z183,GRAYLING,A
Z185,GULKANA,A
Z186,CHILKOOT,A
Z189,HAMILTON,A
Z195,HOLY CROSS,A
Z198,HOONAH,A
Z199,HOOPER BAY,A
Z205,HUGHES,A
Z210,HUSLIA,A
Z211,HYDABURG,A
Z214,IGIUGIG,A
Z216,ILIAMNA,A
Z219,DIOMEDE,A
Z222,IVANOF BAY,A
Z229,KAKE,A
Z230,KAKTOVIK,A
Z232,KALSKAG,A
Z237,KARLUK,A
Z238,KASAAN,A
Z241,KASIGLUK,A
Z246,KENAITZE,A
Z248,KETCHIKAN,A
Z249,KIANA,A
Z252,KING COVE,A
Z253,KING ISLAND,A
Z255,KIPNUK,A
Z256,KIVALINA,A
Z257,KLAWOCK,A
Z259,CHILKAT,A
Z260,KNIK,A
Z261,KOBUK,A
Z264,KOKHANOK,A
Z266,KOLIGANEK,A
Z267,KONGIGANAK,A
Z268,KOTLIK,A
Z269,KOTZEBUE,A
Z270,KOYUK,A
Z271,KOYUKUK,A
Z275,KWETHLUK,A
Z276,KWIGILLINGOK,A
Z279,LARSEN BAY,A
Z283,LEVELOCK,A
Z288,LIME VILLAGE,A
Z290,GALENA,A
Z291,LOWER KALSKAG,A
Z294,MANLEY HOT SPRINGS,A
Z295,MANOKOTAK,A
Z297,MARSHALL,A
Z299,MARY'S IGLOO,A
Z303,MCGRATH,A
Z307,MEKORYUK,A
Z309,MENTASTA LAKE,A
Z314,MINTO,A
Z323,ASA'CARSARMIUT TRIBE,A
Z325,GOODNEWS BAY,A
Z330,NAKNEK,A
Z332,NAPAIMUTE,A
Z333,NAPAKIAK,A
Z334,NAPASKIAK,A
Z336,NELSON LAGOON,A
Z337,NENANA,A
Z339,NEW STUYAHOK,A
Z340,NEWHALEN,A
Z341,NEWTOK,A
Z343,NIGHTMUTE,A
Z345,NIKOLAI,A
Z346,NIKOLSKI,A
Z348,NINILCHIK,A
Z350,NOATAK,A
Z352,NOME,A
Z353,NONDALTON,A
Z354,NUIQSUT,A
Z355,NOORVIK,A
Z358,NORTHWAY,A
Z359,NULATO,A
Z361,NUNAPITCHUK,A
Z366,OHOGAMIUT,A
Z367,OLD HARBOR,A
Z369,OSCARVILLE,A
Z370,OUZINKIE,A
Z371,PAIMIUT,A
Z374,PAULOFF HARBOR,A
Z376,PEDRO BAY,A
Z378,PERRYVILLE,A
Z380,PETERSBURG,A
Z383,PILOT POINT,A
Z384,PILOT STATION,A
Z385,PITKA'S POINT,A
Z388,PLATINUM,A
Z389,POINT HOPE,A
Z390,POINT LAY,A
Z396,PORT GRAHAM,A
Z397,PORT HEIDEN,A
Z398,PORT LIONS,A
Z402,PORTAGE CREEK,A
Z407,KWINHAGAK,A
Z410,RAMPART,A
Z411,RED DEVIL,A
Z416,RUBY,A
Z418,IQURMUIT,A
Z419,SALAMATOFF,A
Z424,SAND POINT,A
Z426,SAVOONGA,A
Z427,SAXMAN,A
Z428,SCAMMON BAY,A
Z429,SELAWIK,A
Z431,SELDOVIA,A
Z434,SHAGELUK,A
Z435,SHAKTOOLIK,A
Z436,SHELDON'S POINT,A
Z438,SHISHMAREF,A
Z440,SHUNGNAK,A
Z442,SITKA,A
Z443,SKAGWAY,A
Z446,SLEETMUTE,A
Z447,SOLOMON,A
Z450,SOUTH NAKNEK,A
Z455,PRIBILOF ISLANDS ALEUT COMMUNITY OF ST. GEORGE,A
Z456,ALGAACIQ (ST. MARY'S),A
Z457,SAINT MICHAEL,A
Z458,PRIBILOF ISLANDS ALEUT COMMUNITY OF ST. PAUL,A
Z460,STEBBINS,A
Z463,STEVENS VILLAGE,A
Z464,STONY RIVER,A
Z472,TAKOTNA,A
Z474,TANACROSS,A
Z475,TANANA,A
Z477,TATITLEK,A
Z478,TAZLINA,A
Z479,TELIDA,A
Z480,TELLER,A
Z483,TETLIN,A
Z487,TOGIAK,A
Z490,TOKSOOK BAY,A
Z497,TULUKSAK,A
Z499,TUNTUTULIAK,A
Z500,TUNUNAK,A
Z503,TWIN HILLS,A
Z505,TYONEK,A
Z506,UGASHIK,A
Z508,UMKUMIUTE,A
Z509,UNALAKLEET,A
Z510,UNALASKA,A
Z511,UNGA,A
Z518,VENETIE,A
Z519,WAINWRIGHT,A
Z521,WALES,A
Z525,WHITE MOUNTAIN APACHE TRIBAL COUNCIL,A
Z531,LESNOI,A
Z532,WRANGELL,A
Z578,CHENEGA,A
Z586,KAGUYAK,A
Z623,KANATAK,A
Z634,HEALY LAKE,A
Z801,TLINGIT AND HAIDA,A
Z802,YAKUTAT,A
Z841,CHUATBALUK,A
Z899,INUPIAT,A
Z999,KALTAG,A
